{"cameraMode":{"drawMode":0,"name":"Shaded","section":"Shading Mode"},"sceneLighting":false,"audioPlay":false,"sceneViewState":{"m_AlwaysRefresh":false,"showFog":true,"showSkybox":false,"showFlares":true,"showImageEffects":true,"showParticleSystems":true,"showVisualEffectGraphs":true,"m_FxEnabled":true},"in2DMode":false,"pivot":{"x":-0.031487710773944858,"y":0.6485373377799988,"z":9.371115684509278},"rotation":{"x":0.1109640970826149,"y":0.8289942145347595,"z":-0.17686451971530915,"w":0.5190869569778442},"size":0.4330126941204071,"orthographic":false}